Trial,calltype,rms,maxAmp,meanS,stdS,skewS,kurtS,entS,q1,q2,q3,meanT,stdT,skewT,kurtT,entT
echolocation,echo,18.19492,40.22919,36534.37,12861.59,0.121522,1.63893,0.927257,23812.5,37125,48562.5,0.271233,0.163514,-0.00418,1.744759,0.99322
echolocation,echo,18.04926,40.24115,36629.49,12924.49,0.09977,1.635367,0.929729,23812.5,37312.5,48750,0.318727,0.190505,-0.01242,1.766427,0.994215
echolocation,echo,17.87369,20.0242,38700.48,11753.61,-0.0183,1.768541,0.930171,27562.5,39937.5,49312.5,0.261309,0.144788,-0.11051,1.773486,0.997803
echolocation,echo,35.25562,66.13335,30878.18,9940.112,1.042435,3.154836,0.884768,23625,27187.5,37125,0.40376,0.206319,-0.27611,1.917285,0.985012
echolocation,echo,36.30002,65.99584,29445.1,9861.637,1.173234,3.583394,0.883229,22500,26062.5,34687.5,0.348928,0.208193,0.17812,1.869906,0.985448
echolocation,echo,36.30155,66.07293,29502.09,9558.553,1.237034,3.789195,0.875581,22875,26062.5,34312.5,0.348313,0.208445,0.179196,1.870056,0.985512
echolocation,echo,21.85996,29.03103,33143.3,12859.06,0.42411,1.803496,0.918693,21375,30375,44437.5,0.408449,0.252478,0.123034,1.782754,0.99549
echolocation,echo,21.85622,29.01716,33619.77,12691.85,0.377363,1.802061,0.922426,21937.5,32250,44625,0.40455,0.248057,0.118514,1.780892,0.995289
echolocation,echo,18.03245,24.33345,39412.59,11316.2,-0.13061,1.940852,0.926798,29812.5,40500,49125,0.345019,0.202384,0.056173,1.80925,0.996824
echolocation,echo,16.39058,19.69009,41265.11,11030.17,-0.32079,2.095933,0.922142,33750,42750,51187.5,0.289817,0.165722,0.049566,1.821624,0.997975
echolocation,echo,15.17579,15.34379,42113.91,10959.23,-0.4097,2.180876,0.923163,34687.5,44062.5,51937.5,0.248853,0.143848,0.019287,1.806515,0.999406
echolocation,echo,13.52879,11.9934,44446.31,9834.113,-0.58473,2.636417,0.907475,38437.5,46125,53250,0.373801,0.216307,0.011426,1.799195,0.999823
echolocation,echo,20.61855,35.24173,39055.76,11290.82,0.012161,1.732836,0.920093,28125,39937.5,48937.5,0.392124,0.218022,-0.10479,1.781576,0.995837
echolocation,echo,23.19913,35.15788,38035.76,11306.11,0.141251,1.720224,0.916436,27187.5,38250,48000,0.240869,0.141306,0.11946,1.838787,0.993741
echolocation,echo,13.53903,13.21627,44178.12,9934.397,-0.56005,2.585562,0.90883,38437.5,45750,53250,0.249359,0.143841,0.014728,1.797601,0.999761
echolocation,echo,13.52717,13.72159,44236.4,9933.113,-0.56429,2.588923,0.908519,38437.5,45750,53250,0.37705,0.215787,-0.00757,1.799906,0.999616
echolocation,echo,14.99448,22.73736,41697.55,11708.75,-0.40445,2.036148,0.926203,33187.5,43875,52312.5,0.251395,0.142436,-0.03205,1.821482,0.998266
echolocation,echo,17.09036,24.03633,38258.18,12040.43,0.024513,1.747335,0.933359,27000,39187.5,49125,0.384417,0.212852,-0.0572,1.830758,0.997368
echolocation,echo,17.31763,24.02139,37931.2,12074.05,0.062532,1.743118,0.932934,26625,38625,48750,0.377662,0.212449,-0.01844,1.836237,0.997308
echolocation,echo,21.95559,24.8171,35081.8,11204.53,0.458471,2.069559,0.919426,25500,32812.5,44250,0.250183,0.146333,-0.01708,1.723972,0.995235
echolocation,echo,23.24925,24.80124,35381.25,10492.08,0.449935,2.237765,0.916109,26625,33562.5,43312.5,0.250312,0.139045,-0.04872,1.883507,0.995107
echolocation,echo,22.02355,24.76745,35681.24,10902.3,0.396945,2.092383,0.923055,26437.5,34125,44250,0.366454,0.214654,0.010008,1.834605,0.99538
echolocation,echo,17.56942,33.21667,37191.81,11481.08,0.276212,1.826162,0.920663,26625,36000,47625,0.379002,0.213262,-0.04587,1.835706,0.997442
echolocation,echo,14.20185,16.86128,43349.15,10467.14,-0.49586,2.358525,0.915713,36562.5,45187.5,52875,0.376723,0.212335,-0.02421,1.841956,0.999204
echolocation,echo,42.33642,52.84477,34608.18,9241.59,0.541839,2.597887,0.904677,27000,33375,41062.5,0.41392,0.198732,-0.2981,2.184888,0.984354
echolocation,echo,47.50463,52.78839,34145.07,9071.59,0.605419,2.671064,0.900372,26625,32812.5,40125,0.300777,0.150482,-0.04157,2.152178,0.983357
echolocation,echo,50.19309,52.85151,34174.45,9032.092,0.603747,2.694079,0.899059,26625,32812.5,40125,0.197483,0.143553,0.503934,2.008633,0.980633
echolocation,echo,15.6685,17.32891,41567.54,11245.66,-0.37106,2.061129,0.924747,33562.5,43500,51562.5,0.277997,0.160397,0.030317,1.798588,0.99884
echolocation,echo,15.31583,17.32893,41943.31,11111.81,-0.40517,2.124617,0.923594,34125,43875,51750,0.332219,0.192806,0.038607,1.803568,0.999011
echolocation,echo,15.77118,17.31643,41365.2,11330.73,-0.35676,2.02799,0.924101,33187.5,43312.5,51375,0.248864,0.142254,0.015789,1.820035,0.998646
echolocation,echo,15.1487,17.28548,41981.85,11133.49,-0.41436,2.127045,0.922972,34312.5,43875,51750,0.368189,0.215468,0.043656,1.802515,0.999021
echolocation,echo,14.05342,18.20103,43935.53,10227.69,-0.57189,2.526108,0.912231,37875,45750,53250,0.374555,0.216617,0.009425,1.786288,0.999487
echolocation,echo,13.87593,13.31985,44077.93,10128.51,-0.5756,2.54402,0.91055,38062.5,45750,53250,0.374781,0.217078,-0.00715,1.793754,0.999753
echolocation,echo,15.25447,18.6887,41323.56,11380.52,-0.30969,1.961642,0.925294,32437.5,43312.5,51750,0.257909,0.145426,-0.05711,1.792245,0.999017
echolocation,echo,17.86708,23.87542,38051.95,11871.26,0.069996,1.732981,0.928218,27000,38625,48750,0.260016,0.144983,-0.04344,1.827631,0.996139
echolocation,echo,19.69751,24.73911,36200.51,11651.13,0.273783,1.861427,0.92508,25500,35812.5,46125,0.253961,0.143071,-0.03873,1.787463,0.995546
echolocation,echo,19.28757,24.71983,36564.62,11735.61,0.218072,1.831653,0.926947,25875,36562.5,46687.5,0.248514,0.142213,0.005548,1.857607,0.995355
echolocation,echo,19.87322,24.69737,35542.98,11969.65,0.33502,1.83766,0.923051,24562.5,34687.5,45937.5,0.247206,0.145031,0.013097,1.739739,0.995025
echolocation,echo,18.38688,24.74616,36948.55,12064.7,0.173172,1.742514,0.926955,25500,37125,47812.5,0.363571,0.213533,0.055351,1.828463,0.996309
echolocation,echo,16.55674,21.79411,39099.05,11891.27,-0.07036,1.762085,0.92902,27937.5,40500,49875,0.367891,0.224447,0.054156,1.767606,0.997714
echolocation,echo,15.64171,19.06027,40856.25,11274.11,-0.25125,1.960618,0.924877,32062.5,42562.5,51000,0.252648,0.14701,0.011259,1.767243,0.998649
echolocation,echo,15.18024,19.07679,41543.28,11106.34,-0.33331,2.049422,0.921627,33937.5,43312.5,51562.5,0.251693,0.143222,-0.03106,1.81629,0.998908
echolocation,echo,18.24638,22.69832,38253.16,11656.71,0.101864,1.708756,0.921863,26625,38625,48937.5,0.253406,0.140986,-0.01807,1.807342,0.996238
echolocation,echo,41.80126,58.88313,31523.14,9227.649,1.134828,3.496603,0.8764,24750,28687.5,36000,0.263529,0.136202,-0.14706,1.965108,0.983186
echolocation,echo,35.26341,58.83126,32629.53,9844.959,0.931185,2.889441,0.890504,25125,29625,38625,0.388073,0.20296,-0.14563,1.973548,0.98692
echolocation,echo,15.89107,27.18014,40242.45,11509.02,-0.19706,1.951779,0.934428,31125,41625,50625,0.370786,0.209995,0.061701,1.86346,0.996578
echolocation,echo,13.30977,11.77945,44135.06,10072.02,-0.56912,2.603069,0.910631,38250,45750,53250,0.374282,0.216061,-0.00248,1.800419,0.999928
echolocation,echo,13.35525,12.68555,44146.67,10092.09,-0.57596,2.606229,0.910994,38250,45750,53250,0.375892,0.215723,-0.00205,1.803501,0.999642
echolocation,echo,13.43292,12.86056,43783.51,10257.77,-0.56305,2.562242,0.913777,37687.5,45375,52875,0.25048,0.143849,-0.00458,1.795707,0.999433
echolocation,echo,13.33476,12.96503,44070.89,10108.75,-0.5572,2.571955,0.911276,38062.5,45750,53250,0.501562,0.287903,-0.00889,1.797825,0.999811
echolocation,echo,13.35212,12.68928,44070.27,10110.66,-0.5587,2.575131,0.91112,38250,45750,53250,0.397318,0.228154,-0.00836,1.799132,0.999802
echolocation,echo,15.5239,19.95743,39944.37,11866.3,-0.17569,1.822003,0.931274,29625,41625,50812.5,0.256183,0.144092,-0.02722,1.809826,0.998294
echolocation,echo,17.01565,19.9628,37406.86,12305.11,0.101998,1.698521,0.931073,25687.5,38062.5,48750,0.25736,0.143277,-0.08744,1.781834,0.997172
echolocation,echo,20.32068,28.28268,34807.29,11876.04,0.464907,1.941113,0.921364,24375,32437.5,45187.5,0.262078,0.141454,-0.11707,1.846941,0.995854
echolocation,echo,22.298,28.26974,33871.14,11573.18,0.600499,2.131369,0.915713,24000,30937.5,43312.5,0.256171,0.140322,-0.06063,1.843755,0.995643
echolocation,echo,23.53794,31.9296,32841.89,11307.17,0.7113,2.340472,0.909351,23437.5,29437.5,41437.5,0.255546,0.141614,-0.04639,1.803461,0.993678
echolocation,echo,20.90531,31.92181,33589.08,11533.22,0.615537,2.174512,0.915764,23812.5,30750,42937.5,0.368845,0.207274,0.020843,1.904456,0.995032
echolocation,echo,20.79996,31.89566,34137.24,11768.8,0.538279,2.039689,0.919316,24000,31500,43875,0.360737,0.20804,0.086744,1.91384,0.994778
echolocation,echo,13.41179,12.96573,43913.89,10200.69,-0.52937,2.480781,0.912729,37687.5,45562.5,53250,0.376674,0.215751,-0.02076,1.806217,0.999797
echolocation,echo,15.04087,29.11424,38938.04,12678.83,-0.14273,1.722265,0.932292,27000,41250,50625,0.252653,0.140926,-0.02949,1.872087,0.996867
echolocation,echo,13.83507,16.12547,41178.41,12000.8,-0.39096,2.015782,0.93027,32625,43500,52125,0.252644,0.142725,-0.03492,1.825992,0.999249
echolocation,echo,13.87682,16.11709,41215.18,12022.17,-0.39627,2.028334,0.930285,32812.5,43500,52125,0.249017,0.142221,0.0285,1.817912,0.999101
echolocation,echo,28.30897,35.65468,34834,11171.4,0.366153,1.970268,0.917221,24562.5,34125,44437.5,0.270802,0.146016,-0.1583,1.867745,0.988006
echolocation,echo,25.66072,47.53897,34719.89,11333.04,0.380175,1.979712,0.920094,24375,33937.5,44437.5,0.387998,0.210462,-0.04768,1.95861,0.986355
echolocation,echo,42.97106,40.0159,36349.37,9804.445,0.183004,2.150851,0.911153,27375,37125,43125,0.242158,0.140065,0.082224,1.946248,0.99128
echolocation,echo,25.75339,36.8234,35778.59,11769.64,0.314024,1.833576,0.910073,24187.5,35437.5,44812.5,0.245449,0.140092,0.045111,1.902884,0.99316
echolocation,echo,13.30508,14.16006,42990.43,10746.75,-0.47489,2.306648,0.920335,36187.5,45000,52687.5,0.249083,0.142104,0.02471,1.833759,0.999087
echolocation,echo,13.18798,14.15409,43233.72,10642.47,-0.49513,2.360061,0.918439,36562.5,45187.5,52875,0.372035,0.216318,0.026377,1.787783,0.999526
echolocation,echo,12.93806,12.08465,44114.27,9989.929,-0.51604,2.49124,0.91035,37875,45750,53250,0.250685,0.143277,0.00045,1.800668,0.999734
echolocation,echo,13.0519,12.00233,43760.91,10202.08,-0.48535,2.416624,0.913857,37312.5,45375,53062.5,0.2527,0.14418,-0.01513,1.792881,0.999684
echolocation,echo,15.69644,25.00772,39835.33,11181.18,-0.07388,1.956089,0.930609,31500,40312.5,49875,0.260869,0.146194,-0.08975,1.780879,0.996574
echolocation,echo,14.97485,25.0211,40571.61,11189.56,-0.18059,1.98808,0.929975,32437.5,41625,50812.5,0.369976,0.213339,0.070551,1.811013,0.997402
echolocation,echo,13.04417,12.1515,43910.8,10090.44,-0.50525,2.45713,0.913674,37687.5,45562.5,53062.5,0.373577,0.215757,0.007696,1.801928,0.999885
echolocation,echo,13.40724,13.68032,42320.17,11053.05,-0.42784,2.197976,0.923965,35250,44250,52312.5,0.247408,0.14445,0.029352,1.788578,0.999469
echolocation,echo,71.85511,47.29159,32787.89,9143.637,0.437939,2.351801,0.887756,24562.5,32250,39750,0.261801,0.141786,-0.15516,1.802478,0.970431
echolocation,echo,62.368,47.22822,29491.62,8214.893,0.961782,3.335512,0.856454,23062.5,26437.5,36000,0.242795,0.133633,0.013986,1.954777,0.971479
echolocation,echo,13.7158,15.64477,41662.58,11556.88,-0.39596,2.071301,0.925768,33937.5,43687.5,52125,0.250231,0.145163,0.017909,1.794238,0.999255
echolocation,echo,13.39957,13.8059,42755.82,11015.09,-0.49531,2.277413,0.919933,36000,44812.5,52687.5,0.248395,0.143997,0.004065,1.823133,0.999711
echolocation,echo,14.21303,17.53847,40744.76,11444.61,-0.19937,1.874332,0.926364,31500,42375,51375,0.251085,0.143004,-0.01556,1.828533,0.999213
echolocation,echo,17.6722,22.99793,38557.99,10768.01,0.087749,1.995103,0.925752,29250,39000,47250,0.254174,0.142166,-0.03812,1.836938,0.996983
echolocation,echo,17.92526,23.02301,38742.2,10822.5,0.073495,1.978248,0.926489,29437.5,39000,47812.5,0.244223,0.144289,0.047912,1.780777,0.997125
echolocation,echo,20.02827,27.41747,38179.74,10337.98,0.086371,2.241179,0.920521,30750,38250,45562.5,0.24678,0.140281,0.009501,1.917112,0.995857
echolocation,echo,19.59726,26.08592,36993.31,11275.5,0.256698,1.895535,0.921817,26812.5,37125,46500,0.249364,0.139189,0.016271,1.91797,0.995467
echolocation,echo,27.4881,39.29228,35928.22,10203.3,0.273278,2.20761,0.918698,27187.5,36187.5,43125,0.249532,0.143092,-0.07074,1.786926,0.985461
echolocation,echo,12.86185,15.13521,43213.85,10648.28,-0.4643,2.265118,0.918289,36187.5,45187.5,52875,0.372672,0.217452,0.004163,1.789182,0.999596
echolocation,echo,12.96178,15.54963,43100.83,10747.97,-0.46647,2.275692,0.919275,36000,45187.5,52875,0.250129,0.142968,0.006701,1.819633,0.999199
echolocation,echo,12.68482,10.87901,44079.79,10130.05,-0.52684,2.446301,0.910969,37500,45937.5,53250,0.250736,0.143804,-0.01084,1.804141,0.999862
echolocation,echo,12.87566,11.64775,43525.57,10421.08,-0.49987,2.388424,0.916605,36750,45375,52875,0.371554,0.216553,0.026523,1.80546,0.999864
echolocation,echo,14.41286,18.66014,40488.66,11285.88,-0.14916,1.884802,0.928343,31312.5,41625,50625,0.25206,0.141658,-0.00766,1.836075,0.998684
echolocation,echo,16.90357,21.41933,38109.13,11374.45,0.102523,1.813033,0.92339,27562.5,39000,47812.5,0.245499,0.1434,0.02491,1.791975,0.996731
echolocation,echo,25.15511,39.93971,34315.4,10535.79,0.647802,2.345232,0.899012,25312.5,32062.5,42187.5,0.170021,0.097005,0.126365,1.817191,0.987724
echolocation,echo,31.39017,49.33559,31058.44,9182.157,1.082858,3.700482,0.884441,24375,29062.5,35062.5,0.249768,0.139072,-0.01585,1.941213,0.987737
echolocation,echo,18.14733,33.22726,35652.08,11919.03,0.317269,1.838483,0.922015,24375,34500,46125,0.24284,0.14717,-0.0291,1.800397,0.994966
echolocation,echo,17.98294,20.38204,38237.01,10860.43,0.106915,1.957113,0.923692,29437.5,38625,47062.5,0.247357,0.14302,0.065798,1.825896,0.996914
echolocation,echo,24.63183,34.86934,35676.59,11002.23,0.419804,1.973901,0.916572,25875,33187.5,45000,0.255377,0.141291,-0.02021,1.842832,0.989667
echolocation,echo,13.25303,16.56796,42757.57,10781.82,-0.42754,2.202233,0.921961,35250,44812.5,52500,0.366956,0.220528,0.029076,1.769996,0.999221
echolocation,echo,12.67514,13.08256,43739.11,10178.92,-0.47824,2.398738,0.914019,37125,45375,53062.5,0.376906,0.215475,-0.00632,1.807207,0.999621
echolocation,echo,13.10358,12.69177,43512.66,10279.62,-0.47344,2.359784,0.914834,36937.5,45375,52687.5,0.250935,0.143089,-0.00784,1.813934,0.999657
echolocation,echo,12.89535,12.11527,43499.09,10391.36,-0.47425,2.323134,0.916277,36562.5,45375,52875,0.251235,0.143507,-0.00973,1.808278,0.999682
echolocation,echo,16.82121,26.92671,37189.96,11952.4,0.213554,1.744808,0.921727,25875,37125,48187.5,0.250494,0.139486,-0.00151,1.889516,0.996139
echolocation,echo,18.71233,22.67044,35878.09,11015.14,0.455508,2.069363,0.919073,26437.5,34312.5,45000,0.244057,0.139576,0.065189,1.91064,0.995954
echolocation,echo,24.85255,35.67024,31959.33,10606.5,0.923413,2.78931,0.8938,23812.5,28312.5,38625,0.249541,0.135805,0.022621,1.990423,0.990532
echolocation,echo,13.51651,17.20934,42296.14,10771.05,-0.35723,2.146229,0.923005,34875,43875,51937.5,0.252554,0.141461,-0.02341,1.842605,0.998808
echolocation,echo,16.95256,21.63417,37833.66,11353.25,0.12295,1.876444,0.928771,27750,38062.5,47625,0.25148,0.13864,-0.00017,1.905368,0.996396
echolocation,echo,20.61737,23.34722,35383.91,11382.52,0.362494,1.939862,0.920555,25125,34500,44625,0.246668,0.140385,0.022885,1.841829,0.994438
echolocation,echo,19.25033,31.06012,36399.01,11143.46,0.321668,1.981093,0.913964,25875,36562.5,45375,0.249782,0.138648,-0.00426,1.928766,0.994744
echolocation,echo,15.96161,18.98804,38867.57,11855.51,-0.00692,1.756455,0.934375,28312.5,39750,49687.5,0.254725,0.138787,-0.03726,1.877424,0.996915
echolocation,echo,23.15654,54.30045,36375.85,10755,0.271696,2.025771,0.920812,26437.5,36187.5,45000,0.249979,0.130221,0.009607,2.177839,0.980658
echolocation,echo,18.018,18.92236,37667.19,11089.3,0.195871,1.936935,0.928456,27937.5,36937.5,47062.5,0.259501,0.144197,-0.07149,1.815899,0.997463
echolocation,echo,18.94552,23.05387,37381.86,10887.22,0.24901,1.994969,0.925846,27937.5,36750,46312.5,0.242668,0.138314,0.073172,1.903909,0.994838
echolocation,echo,15.66809,23.08268,39496.84,11133.17,0.009823,1.890551,0.92948,30375,39750,49500,0.351633,0.221166,0.124272,1.754754,0.996643
echolocation,echo,24.10839,40.24667,35335.4,11755.95,0.289139,1.874179,0.925596,25500,33937.5,45750,0.261826,0.138016,-0.12101,1.958194,0.991644
echolocation,echo,43.6849,37.3827,34320.25,9569.6,0.433316,2.271924,0.903495,25875,33000,41812.5,0.259811,0.14221,-0.03419,1.815407,0.985213
echolocation,echo,46.11602,54.09654,33472.64,9883.508,0.543205,2.328108,0.90274,24750,31687.5,41250,0.214725,0.120708,-0.00032,1.96834,0.976095
echolocation,echo,20.7247,32.30456,33682.94,10425.72,0.805778,2.657403,0.902829,25687.5,31312.5,40500,0.147359,0.089236,0.238779,1.812709,0.990893
echolocation,echo,12.507,11.08951,43622.5,10414.12,-0.51907,2.402707,0.915595,37125,45562.5,52875,0.251055,0.143886,-0.0127,1.806036,0.999819
echolocation,echo,12.87061,13.18193,43449.67,10376.36,-0.47207,2.336691,0.916366,36562.5,45375,52875,0.251803,0.143662,-0.02445,1.794038,0.999619
echolocation,echo,16.43369,22.21876,38253.97,11594.56,0.064353,1.804143,0.930369,27562.5,39000,48375,0.258747,0.144898,-0.07323,1.776551,0.997093
echolocation,echo,15.02555,17.08512,40032.27,11440.07,-0.18152,1.89596,0.92754,30187.5,42000,49875,0.251298,0.141209,-0.01278,1.823484,0.997726
echolocation,echo,26.08287,37.19503,35910.99,10890.46,0.268609,1.975491,0.920338,25687.5,35812.5,44812.5,0.265405,0.147774,-0.02859,1.809513,0.98648
echolocation,echo,12.42752,12.17571,44110.67,10137.34,-0.5503,2.477187,0.911047,37875,45937.5,53250,0.250357,0.144004,-0.00185,1.790106,0.999728
echolocation,echo,12.61111,11.08738,43719.6,10284.81,-0.50408,2.391145,0.914377,37125,45562.5,53062.5,0.250252,0.144448,-0.01329,1.804441,0.999897
echolocation,echo,12.54247,12.62157,43828.65,10328.74,-0.53159,2.417635,0.91369,37312.5,45750,53062.5,0.250714,0.143138,0.011381,1.809757,0.999664
echolocation,echo,13.62673,13.82562,42082.97,10991.35,-0.36451,2.125416,0.926065,34312.5,43875,51937.5,0.23974,0.137107,0.057384,1.839417,0.998844
echolocation,echo,13.77295,15.42305,41573.86,11243.54,-0.31617,2.022964,0.926127,33562.5,43312.5,51750,0.251159,0.142581,-0.00983,1.83064,0.999178
echolocation,echo,13.23567,13.74201,42763.87,10889.01,-0.44292,2.207353,0.919836,35437.5,44625,52687.5,0.252551,0.143782,-0.02054,1.806007,0.999445
echolocation,echo,17.85445,25.3757,38566.15,11653.46,-0.04424,1.825604,0.931785,28125,39937.5,48562.5,0.262175,0.144292,-0.04319,1.887258,0.995818
echolocation,echo,16.79282,26.43423,39528.31,11801.78,-0.1724,1.829714,0.927672,28875,41437.5,49875,0.251102,0.138432,-0.01491,1.946522,0.994991
echolocation,echo,13.2294,12.72598,42642.85,10818.5,-0.40963,2.188158,0.923068,35250,44625,52500,0.248841,0.142831,0.013904,1.824177,0.999722
echolocation,echo,12.67012,11.18076,44054.19,10073.05,-0.51141,2.452321,0.911714,37500,45750,53062.5,0.437757,0.250896,-0.00982,1.799615,0.999657
echolocation,echo,13.4914,14.3377,41913.33,11223.08,-0.35157,2.058459,0.925103,33937.5,43687.5,52125,0.250307,0.142355,0.004444,1.821274,0.999259
echolocation,echo,12.86234,13.18907,43712.68,10258.55,-0.51344,2.435271,0.914888,37125,45375,52875,0.250349,0.14348,0.009517,1.801073,0.999433
echolocation,echo,12.99474,11.91897,43302.87,10549.83,-0.47216,2.2988,0.918506,36375,45187.5,52875,0.250886,0.144247,-0.00019,1.782902,0.999637
echolocation,echo,15.60969,25.38811,38506.56,12487.71,-0.04076,1.706682,0.933763,26812.5,39750,50250,0.260719,0.148351,-0.04984,1.766295,0.997397
echolocation,echo,16.4994,22.09502,36705.18,12481.78,0.168021,1.713688,0.929763,24937.5,36562.5,48375,0.251445,0.141555,0.012145,1.871169,0.997648
echolocation,echo,13.43055,16.9684,42199.81,11040.59,-0.37174,2.105821,0.924127,34312.5,44250,52125,0.370505,0.218133,0.019632,1.792277,0.999407
echolocation,echo,14.61578,16.64634,41773.28,10759.89,-0.31899,2.114232,0.923641,34125,43312.5,51187.5,0.250321,0.142682,-0.00883,1.817792,0.999107
echolocation,echo,33.11656,35.80774,36491.93,9648.509,0.252415,2.217428,0.905173,27937.5,37500,42937.5,0.26005,0.141893,-0.19329,1.846467,0.989083
echolocation,echo,13.04675,13.39272,43201.87,10593.59,-0.45137,2.26023,0.918316,36000,45000,52875,0.249409,0.144396,0.001163,1.7996,0.999459
echolocation,echo,12.78777,11.41054,43833.4,10206.5,-0.49755,2.402404,0.913852,37125,45750,53062.5,0.24866,0.14426,0.005842,1.803183,0.999913
echolocation,echo,13.13578,13.73136,42983.13,10811.61,-0.46257,2.25977,0.920919,35812.5,44812.5,52875,0.250339,0.143257,-0.01089,1.798842,0.999558
echolocation,echo,13.31651,12.87656,42672.44,10842.78,-0.3958,2.146995,0.921603,35062.5,44437.5,52500,0.252048,0.142972,-0.01603,1.801921,0.999536
echolocation,echo,12.97966,12.82421,43645.4,10357.27,-0.48757,2.3516,0.91403,36750,45562.5,52875,0.248953,0.144188,0.002672,1.79885,0.999467
echolocation,echo,13.11036,13.97349,42776.76,10950.96,-0.46245,2.233873,0.922513,35437.5,45000,52500,0.190124,0.108032,0.000505,1.796845,0.999011
echolocation,echo,19.77681,32.54169,35385.29,11814.14,0.41918,1.836265,0.91107,24750,33187.5,45937.5,0.261691,0.144733,-0.11385,1.758791,0.995122
echolocation,echo,20.51146,34.95302,33911.33,11707.37,0.533063,2.066306,0.922188,23812.5,31312.5,43687.5,0.245219,0.137102,0.027912,1.903178,0.991884
echolocation,echo,15.20674,16.30291,40854.56,11117.11,-0.21161,1.915337,0.927387,31687.5,42562.5,50812.5,0.252466,0.141446,-0.04198,1.84379,0.99863
echolocation,echo,13.71708,15.7087,41986.25,11125.94,-0.34483,2.072022,0.925383,34125,43875,52125,0.253314,0.143982,-0.01594,1.812368,0.999293
echolocation,echo,14.00092,15.57436,41362.15,11329.58,-0.28738,1.990561,0.927942,33000,43125,51750,0.248508,0.143424,0.004351,1.819687,0.999088
echolocation,echo,12.59373,12.29174,43570.21,10591.51,-0.53182,2.376381,0.91741,36937.5,45750,52875,0.326815,0.187867,0.000337,1.803888,0.999805
echolocation,echo,12.41576,12.09299,43915.94,10331.97,-0.56085,2.490158,0.913922,37500,45937.5,53062.5,0.373181,0.217179,0.003987,1.792963,0.999878
echolocation,echo,14.56656,14.84159,44051.98,10195.71,-0.63068,2.546949,0.911446,37875,46500,52687.5,0.25105,0.142197,-0.00837,1.827559,0.99933
echolocation,echo,14.69806,15.58043,43679.4,10329.79,-0.59483,2.49568,0.914051,37500,45750,52687.5,0.251746,0.143059,-0.02941,1.814209,0.999599
echolocation,echo,15.11793,14.8176,43457.19,10396.65,-0.55723,2.378884,0.915193,36937.5,45937.5,52312.5,0.246672,0.144848,0.025394,1.806053,0.999375
echolocation,echo,21.76359,41.05804,37486.24,11274,0.193492,1.889181,0.925513,27937.5,35625,47625,0.254307,0.144022,-0.06417,1.755406,0.993619
echolocation,echo,15.12008,20.85047,43243.44,10652.32,-0.56583,2.385627,0.918493,36375,45562.5,52312.5,0.373504,0.215638,0.005304,1.807155,0.999346
echolocation,echo,36.94853,57.26464,34950.47,9405.512,0.554986,2.743066,0.907799,27750,34125,40312.5,0.249611,0.131597,0.033138,2.016815,0.983313
echolocation,echo,37.70879,38.4291,34707,10253.21,0.565355,2.299835,0.910305,26250,32437.5,42375,0.150859,0.092639,0.040728,1.72247,0.985261
echolocation,echo,16.52747,19.30682,41410.85,11015.75,-0.32351,2.038603,0.923047,32812.5,43125,51000,0.226776,0.127635,-0.01797,1.835057,0.998756
echolocation,echo,15.3217,16.91529,43092.82,10304.92,-0.49138,2.360673,0.917114,36375,44812.5,51937.5,0.249538,0.144108,0.015079,1.783512,0.999195
echolocation,echo,37.10934,46.80365,32568.23,9973.327,0.650891,2.554324,0.904872,24187.5,30562.5,39750,0.26143,0.141066,-0.12163,1.841308,0.985491
echolocation,echo,28.95278,46.86976,31786.56,11109.81,0.767388,2.439899,0.897798,22687.5,27562.5,39750,0.231483,0.140852,0.193938,1.858983,0.98686
echolocation,echo,14.90562,16.2477,43477.13,10581.92,-0.56662,2.406295,0.917919,36937.5,45750,52687.5,0.249782,0.142207,0.008645,1.84029,0.999517
echolocation,echo,14.64983,16.25204,43895.75,10374.09,-0.61311,2.525306,0.914982,37687.5,46125,52875,0.369809,0.21743,0.029502,1.790934,0.999685
echolocation,echo,19.01251,42.79689,38625.44,11692.46,-0.00336,1.752541,0.932457,27937.5,39375,49500,0.25729,0.136111,-0.08955,1.954994,0.990444
echolocation,echo,20.90305,21.58626,39165.21,10873.56,-0.01386,1.901474,0.924059,29062.5,40125,48187.5,0.249427,0.14098,0.015517,1.887337,0.997803
echolocation,echo,14.45207,13.83738,44009.11,10289.16,-0.6279,2.521888,0.912857,37687.5,46500,52687.5,0.25279,0.144371,-0.02841,1.800947,0.999753
echolocation,echo,14.29585,12.21541,44818.62,9757.641,-0.67785,2.743616,0.905323,39000,46875,53250,0.375593,0.216567,-0.0024,1.79745,0.999904
echolocation,echo,14.57538,14.7366,44238.68,10126.66,-0.6267,2.607774,0.911957,38062.5,46312.5,53062.5,0.376274,0.215244,-0.00133,1.817707,0.999605
echolocation,echo,13.65052,11.60868,44468.81,9716.41,-0.58655,2.702779,0.906085,39000,45937.5,53062.5,0.248557,0.144036,0.018568,1.800212,0.99988
echolocation,echo,19.3482,56.86256,36968.24,11958.47,0.150217,1.803673,0.932534,26250,36750,47625,0.232416,0.143595,0.16516,1.769647,0.987179
echolocation,echo,13.39859,11.73391,44475.03,9710.049,-0.58241,2.69573,0.906757,38812.5,45750,53250,0.225507,0.129999,-0.00741,1.803929,0.999906
echolocation,echo,13.49424,13.19357,44520.7,9755.277,-0.58478,2.689813,0.905752,38812.5,45937.5,53250,0.373817,0.215034,0.009372,1.80198,0.999754
echolocation,echo,13.44481,13.47056,44547.37,9783.486,-0.61296,2.731826,0.906886,38812.5,46312.5,53250,0.37559,0.214216,-0.00546,1.812798,0.999734
echolocation,echo,14.56113,18.43368,42469.53,10872,-0.45522,2.277496,0.923838,35250,44250,52125,0.381521,0.21259,-0.05812,1.837373,0.99883
echolocation,echo,13.45882,13.62399,44452.8,9770.12,-0.56607,2.64819,0.908233,38625,45937.5,53250,0.374088,0.215175,0.010714,1.810061,0.999681
echolocation,echo,13.66763,12.47007,43873.47,10204.67,-0.57505,2.598499,0.913824,38062.5,45375,53062.5,0.250196,0.143793,0.000984,1.801187,0.999782
echolocation,echo,31.10153,31.47584,33808.03,10253.41,0.562136,2.263377,0.90273,25125,30937.5,41625,0.264034,0.148105,-0.05073,1.786458,0.992863
echolocation,echo,25.06125,28.33256,35257.03,10976.65,0.417213,2.032158,0.916481,25875,33562.5,43500,0.237663,0.1445,0.099175,1.787382,0.994903
echolocation,echo,21.99235,36.92212,37167.25,11430.5,0.197706,1.896303,0.931479,27937.5,35625,47250,0.250238,0.143434,-0.02272,1.815342,0.993049
echolocation,echo,26.21135,47.3675,33297.88,12456.9,0.639186,1.888084,0.876299,23250,27000,45750,0.269855,0.148164,-0.16006,1.752008,0.991927
echolocation,echo,18.09605,21.87022,39203.21,11668.56,-0.01001,1.69094,0.925083,28687.5,40687.5,49875,0.245902,0.144254,0.042232,1.767782,0.997864
echolocation,echo,14.60309,13.22913,44139.3,10116.34,-0.63759,2.595553,0.910753,38250,46312.5,52687.5,0.161063,0.092277,-0.02096,1.791345,0.999696
echolocation,echo,14.07689,12.50463,44739.26,9667.485,-0.68015,2.807504,0.905001,39187.5,46687.5,52875,0.250559,0.143909,0.003884,1.80001,0.999746
echolocation,echo,14.03559,14.8542,44656.92,9734.36,-0.66134,2.76635,0.90497,39000,46500,53062.5,0.249537,0.143932,0.004044,1.798187,0.999693
echolocation,echo,21.77247,28.88067,36338.32,11776.65,0.223509,1.814784,0.929589,25312.5,36375,46500,0.376457,0.220677,-0.00613,1.761093,0.994587
echolocation,echo,22.672,34.50962,34909.58,12073.03,0.340983,1.831546,0.92031,23437.5,34125,45562.5,0.238635,0.142813,0.110883,1.808431,0.992633
echolocation,echo,29.51157,28.66937,38805.11,9529.237,0.003625,2.375825,0.917281,32437.5,38812.5,45750,0.255665,0.138506,-0.08722,1.900197,0.995206
echolocation,echo,18.14152,34.03203,38294.16,12479.23,-0.04803,1.631521,0.928056,25687.5,40312.5,49500,0.362061,0.216911,0.093131,1.800081,0.997003
echolocation,echo,13.01331,11.28161,44344.13,9869.916,-0.53941,2.570826,0.908803,38250,45937.5,53250,0.229771,0.132387,0.022183,1.806451,0.99979
echolocation,echo,14.36569,33.15296,42082.85,10844.12,-0.34769,2.158375,0.924353,34500,43500,51750,0.38229,0.213702,-0.08651,1.828571,0.996861
echolocation,echo,13.19026,12.00004,43996.93,10030.76,-0.53421,2.561824,0.912312,37875,45562.5,53062.5,0.24886,0.144684,0.004931,1.794544,0.99987
echolocation,echo,13.79079,12.72675,43597.38,10429.59,-0.54142,2.474759,0.916434,37312.5,45375,52875,0.248187,0.143288,0.01499,1.809942,0.999735
echolocation,echo,13.54145,12.79842,43979.75,10030.01,-0.52275,2.556768,0.911826,38062.5,45375,53062.5,0.251098,0.143943,-0.00757,1.803085,0.999674
echolocation,echo,19.94659,32.30535,37686.68,11175.94,0.208742,2.004709,0.92496,29625,36000,47812.5,0.251349,0.14162,0.001217,1.863101,0.996075
echolocation,echo,15.11837,23.61157,41444.29,11143.4,-0.34591,2.11573,0.925673,33375,43125,51187.5,0.251436,0.141528,-0.00824,1.858679,0.997895
echolocation,echo,13.30554,13.38912,44008.16,10042.84,-0.54439,2.573353,0.911165,38062.5,45562.5,53062.5,0.375369,0.216215,-0.0068,1.799003,0.999755
feederclick,feeder,30.22909,88.11875,6958.868,4873.253,1.036528,2.851879,0.874319,3187.5,5437.5,11250,0.277398,0.141485,-0.18866,1.8856,0.983118
feederclick,feeder,34.9574,88.31883,8572.998,5404.737,0.407214,1.676864,0.911848,3375,8062.5,14437.5,0.321496,0.164873,-0.1697,1.886965,0.978216
feederclick,feeder,23.58149,43.77686,5264,3826.535,1.797439,5.461336,0.764087,3000,3562.5,6562.5,0.283185,0.14783,-0.27935,1.791935,0.98947
feederclick,feeder,23.18845,43.74163,5262.238,3841.547,1.779089,5.367431,0.759113,3000,3562.5,6562.5,0.238291,0.13275,0.138027,2.109231,0.988952
feederclick,feeder,19.16352,35.08778,5318.7,3884.505,1.577637,4.594743,0.793592,2812.5,3375,6937.5,0.371899,0.214062,0.003687,1.814666,0.997048
feederclick,feeder,23.5267,41.58625,5062.582,3647.525,1.909818,5.932559,0.75964,3000,3562.5,5625,0.426535,0.222617,-0.27838,1.778197,0.991613
feederclick,feeder,44.51858,126.5473,10196.06,5232.14,-0.02538,1.699545,0.901316,5812.5,9750,16312.5,0.286039,0.136755,-0.35618,1.989777,0.959068
feederclick,feeder,44.58051,126.2098,10424.35,5277.715,-0.08898,1.678425,0.906012,6187.5,10875,16500,0.228522,0.133359,0.229408,2.081647,0.960057
feederclick,feeder,43.90254,126.5108,11075.11,5562.538,-0.25034,1.561178,0.876793,6937.5,12562.5,16687.5,0.129969,0.090312,0.559836,1.967542,0.959203
feederclick,feeder,22.87902,42.89879,5531.659,4377.702,1.615657,4.403068,0.78512,2812.5,3375,6562.5,0.274305,0.149793,-0.18232,1.763483,0.993009
feederclick,feeder,22.85604,38.0104,5653.556,4469.632,1.529564,4.090386,0.789621,2812.5,3375,7312.5,0.273774,0.148021,-0.19288,1.770292,0.993456
feederclick,feeder,25.76657,45.0326,5705.925,3971.817,1.418853,4.113522,0.809275,3000,3562.5,8250,0.270517,0.13877,-0.24272,1.908721,0.992273
feederclick,feeder,49.56465,106.121,10187.81,5478.484,-0.04339,1.565855,0.926474,4500,10875,15937.5,0.23928,0.136326,-0.02291,1.872414,0.968093
feederclick,feeder,20.98118,51.98487,5692.438,4185.939,1.467497,4.178664,0.815192,2812.5,3562.5,8250,0.385856,0.212131,-0.08078,1.839519,0.994358
feederclick,feeder,22.21169,51.55823,6661.889,4468.511,0.884796,2.680081,0.857799,3000,4500,9562.5,0.389058,0.217556,-0.09219,1.757138,0.991703
feederclick,feeder,25.89074,49.85402,5395.749,3906.909,1.658164,4.954263,0.786102,3000,3375,7312.5,0.287103,0.143022,-0.35026,1.880227,0.988362
feederclick,feeder,25.99834,49.83188,5366.828,3911.316,1.674263,5.006242,0.783361,3000,3375,7312.5,0.234403,0.132958,0.140936,2.135272,0.989011
feederclick,feeder,26.13784,51.6309,5953.688,4402.165,1.391949,3.829067,0.801684,3000,3562.5,8812.5,0.232991,0.116545,-0.29077,1.857744,0.987475
feederclick,feeder,24.88793,51.58743,5828.016,4363.34,1.461134,4.04432,0.798626,3000,3562.5,8437.5,0.239994,0.132716,0.077872,2.06003,0.988581
feederclick,feeder,22.64929,49.39981,4955.936,3198.097,2.006421,6.95213,0.791257,3000,3750,5437.5,0.361334,0.21318,0.102696,1.807374,0.99056
feederclick,feeder,19.02034,31.65313,5474.415,4055.616,1.43585,3.890272,0.792728,2812.5,3562.5,7125,0.250827,0.139908,0.00039,1.890243,0.996805
feederclick,feeder,24.49548,45.2663,5399.727,4050.526,1.707323,4.859309,0.763242,3000,3562.5,6375,0.234961,0.139335,0.286273,2.091574,0.987559
feederclick,feeder,25.35362,45.30484,5438.949,4076.774,1.682531,4.755735,0.762705,3000,3562.5,6562.5,0.21266,0.122395,0.227468,2.15038,0.987272
feederclick,feeder,25.31667,42.69417,5004.667,3563.861,1.988802,6.252146,0.743278,3000,3562.5,5062.5,0.282084,0.139077,-0.36584,1.905339,0.98964
feederclick,feeder,25.55887,42.69271,5002.55,3563.625,1.998847,6.280465,0.741205,3000,3562.5,5062.5,0.239165,0.132046,0.153773,2.131976,0.989295
feederclick,feeder,38.91576,99.88134,8341.255,5658.187,0.550844,1.744143,0.879026,3375,7125,15375,0.287556,0.139455,-0.31916,1.947117,0.972494
feederclick,feeder,33.84096,99.83862,7853.629,5547.476,0.702999,1.950894,0.869935,3187.5,5625,14812.5,0.377842,0.196601,-0.10208,2.096798,0.97821
feederclick,feeder,30.95464,94.05529,8241.256,5807.244,0.657073,1.999147,0.878549,3187.5,8437.5,16875,0.262533,0.137363,-0.11475,1.920174,0.980686
feederclick,feeder,34.48248,96.98056,10018.61,5801.238,0.008556,1.485308,0.901657,3750,12375,15750,0.348132,0.213138,0.10516,1.824066,0.976955
feederclick,feeder,26.14997,56.09725,6559.99,4340.783,0.999237,3.025544,0.858294,3187.5,4500,10125,0.417105,0.221383,-0.27603,1.809456,0.989585
feederclick,feeder,44.70689,126.7028,8932.86,5695.159,0.358018,1.716997,0.895063,3375,9750,16125,0.270387,0.134018,-0.17951,2.000224,0.97145
feederclick,feeder,19.04423,36.47603,5651.038,4119.885,1.361612,3.74401,0.809116,2812.5,3562.5,8062.5,0.255043,0.141092,-0.04094,1.87625,0.99632
feederclick,feeder,20.15496,46.59227,5714.139,4039.084,1.286651,3.592991,0.817195,2812.5,3562.5,8625,0.252514,0.138704,-0.04416,1.898223,0.993506
feederclick,feeder,20.10021,40.55651,5518.262,3894.593,1.442669,4.155281,0.814535,2812.5,3562.5,7500,0.394888,0.219564,-0.11564,1.783788,0.996517
feederclick,feeder,18.52424,19.22255,4714.586,3434.42,2.148271,7.096338,0.751938,2812.5,3375,4875,0.252389,0.144538,-0.0193,1.796543,0.998799
feederclick,feeder,19.14026,22.62516,4650.099,3287.08,2.260648,7.921916,0.756689,2812.5,3375,4875,0.2533,0.142713,0.01545,1.847595,0.997375
feederclick,feeder,20.72825,59.42405,5295.307,3870.242,1.64015,4.726546,0.795475,2812.5,3562.5,6375,0.399431,0.22749,-0.07242,1.757482,0.992599
feederclick,feeder,21.76434,54.35159,5905.401,4216.113,1.294179,3.496402,0.829198,3000,3750,7875,0.245123,0.138988,0.059939,1.935552,0.99123
feederclick,feeder,47.52619,108.5005,7019.209,4675.652,0.87552,2.618883,0.854502,3000,6000,9375,0.280556,0.145904,-0.33204,1.843153,0.981618
feederclick,feeder,36.3841,90.08986,6936.125,4587.953,0.872242,2.773929,0.862321,2812.5,6562.5,9562.5,0.275361,0.129102,-0.36501,2.090643,0.975194
feederclick,feeder,27.22809,62.3807,8090.609,5738.465,0.687408,1.995967,0.872751,3187.5,6187.5,14250,0.252502,0.140527,-0.02444,1.77328,0.98706
feederclick,feeder,23.88798,49.58793,7222.785,5435.069,0.919655,2.391001,0.845813,3000,4125,11812.5,0.250529,0.135732,-0.01498,1.939624,0.990214
feederclick,feeder,46.91962,111.6004,6763.49,4384.302,1.052751,3.15507,0.855684,3187.5,5812.5,9000,0.276628,0.128986,-0.48253,2.193879,0.969953
feederclick,feeder,43.98082,105.8035,6080.029,4457.362,1.38301,3.844958,0.813498,3000,3750,8062.5,0.291358,0.124182,-0.61605,2.344304,0.965293
feederclick,feeder,25.47522,57.36814,6456.52,4859.982,1.215724,3.123994,0.835957,3187.5,3750,9375,0.265928,0.134267,-0.18056,1.931052,0.988639
feederclick,feeder,28.19125,65.79992,8443.35,5505.186,0.404759,1.593303,0.891319,3375,7125,14812.5,0.253845,0.135397,-0.0434,1.912279,0.983965
feederclick,feeder,23.01207,50.02243,6557.264,4870.113,1.048742,2.661336,0.828845,3000,3750,9750,0.257996,0.134857,-0.10852,1.958107,0.990547
feederclick,feeder,42.80126,73.9002,4580.718,3626.793,2.279703,7.686267,0.721728,2625,3000,4500,0.236608,0.136078,0.125739,1.96235,0.984492
feederclick,feeder,30.96629,54.85851,6757.384,4839.213,1.143336,3.056598,0.869132,3187.5,4500,9562.5,0.253065,0.143947,-0.03401,1.759119,0.993358
feederclick,feeder,46.62317,128.0975,6863.779,3991.525,0.961172,3.556649,0.830865,3375,7125,9000,0.278205,0.123465,-0.46521,2.268368,0.962753
feederclick,feeder,53.92244,141.4523,6830.366,4530.095,0.976205,2.832228,0.815012,3187.5,5062.5,9000,0.291982,0.115434,-0.72129,2.751722,0.955035
feederclick,feeder,37.07724,82.3478,7075.614,4875.796,0.930444,2.549754,0.868338,3187.5,4875,11250,0.269786,0.136023,-0.07651,1.857296,0.979753
feederclick,feeder,47.60619,120.7759,11586.47,5161.328,-0.60186,1.990983,0.881403,8437.5,13125,15750,0.259753,0.128475,-0.17194,1.987513,0.962596
feederclick,feeder,42.72069,99.81354,11899.06,5673.265,-0.55001,1.800908,0.890948,6000,14437.5,16500,0.257065,0.1307,-0.16172,2.032304,0.970833
feederclick,feeder,22.7536,36.132,5159.876,3699.878,1.914204,5.954207,0.75439,3000,3562.5,5812.5,0.181577,0.098351,0.134213,2.032538,0.993447
feederclick,feeder,21.57857,35.11454,5296.62,3785.274,1.791167,5.602326,0.80058,2812.5,3562.5,6750,0.259108,0.140577,-0.10319,1.830643,0.995341
feederclick,feeder,33.57945,87.54481,6917.472,4697.454,0.953135,2.674964,0.837391,3187.5,4500,9562.5,0.232506,0.141411,0.079359,1.815273,0.978425
feederclick,feeder,34.86601,74.99088,6552.884,4378.63,1.003312,2.836578,0.846397,3187.5,4125,9750,0.268996,0.135062,-0.17009,1.876834,0.98223
feederclick,feeder,31.50376,72.69759,6059.753,4199.335,1.429616,4.200142,0.830788,3187.5,3937.5,8250,0.348687,0.206782,0.142314,1.970371,0.985119
feederclick,feeder,27.03805,58.34115,5818.451,4249.764,1.545971,4.359807,0.813395,3000,3562.5,7687.5,0.216211,0.148586,0.254111,1.712241,0.987101
feederclick,feeder,36.51537,76.02992,6108.195,4731.183,1.47948,3.822495,0.767987,3187.5,3562.5,7875,0.233683,0.109367,-0.38126,1.986725,0.977216
feederclick,feeder,33.06415,75.65164,6891.682,4914.405,1.066437,2.941181,0.866517,3187.5,4875,10500,0.23667,0.134664,0.065279,1.95203,0.981674
feederclick,feeder,26.91122,53.01539,5899.181,4329.701,1.492327,4.134624,0.815289,3187.5,3750,8250,0.263111,0.134991,-0.14958,1.919085,0.989001
feederclick,feeder,52.78016,119.9134,6821.567,3970.044,0.832033,2.989157,0.821234,3375,7125,8812.5,0.247859,0.11932,-0.06202,2.331363,0.960502
feederclick,feeder,48.53106,105.9258,8071.689,5007.73,0.369083,1.688172,0.848764,3187.5,7687.5,12187.5,0.258147,0.12014,-0.20096,2.261362,0.968233
feederclick,feeder,52.02847,128.9538,8892.079,5353.808,0.153612,1.500254,0.868851,3187.5,9000,14062.5,0.282424,0.120607,-0.51597,2.340234,0.955497
feederclick,feeder,20.42426,41.07,5417.276,3979.025,1.637006,4.84329,0.792752,2812.5,3562.5,7500,0.390455,0.217181,-0.08027,1.839724,0.995524
feederclick,feeder,46.12829,98.66414,8472.002,5200.382,0.343388,1.702127,0.898397,3187.5,8062.5,12750,0.272968,0.127632,-0.34562,2.06797,0.969078
feederclick,feeder,20.4367,26.81701,4425.187,3085.504,2.527876,9.462774,0.725916,2812.5,3375,4312.5,0.258817,0.135848,-0.1387,1.955932,0.995898
feederclick,feeder,20.01607,27.54846,4473.288,3149.541,2.387944,8.726843,0.735718,2812.5,3187.5,4687.5,0.261135,0.140162,-0.1691,1.867708,0.996152
feederclick,feeder,21.34717,27.45659,4531.635,3252.746,2.310689,8.093673,0.738456,2812.5,3187.5,4687.5,0.259765,0.138841,-0.14387,1.893527,0.99611
feederclick,feeder,21.51003,27.03089,4422.307,3104.063,2.480465,9.104549,0.726595,2812.5,3187.5,4312.5,0.265105,0.139249,-0.22834,1.880079,0.995243
feederclick,feeder,19.81149,25.58955,4772.404,3363.91,2.085193,7.015775,0.756089,2812.5,3375,5250,0.254774,0.141887,-0.04141,1.814864,0.997402
feederclick,feeder,19.82874,25.62227,4769.465,3351.685,2.091132,7.064615,0.757078,2812.5,3375,5250,0.253759,0.141232,-0.03671,1.814849,0.99712
feederclick,feeder,21.00127,32.99363,4346.562,2989.438,2.66628,10.21,0.712735,2812.5,3375,4125,0.402874,0.217407,-0.24398,1.776739,0.9945
feederclick,feeder,78.82637,231.2683,8063.213,4860.891,0.722773,2.190012,0.884646,4125,6187.5,13125,0.285027,0.128614,-0.29666,1.990058,0.92663
feederclick,feeder,68.51662,208.1394,7186.525,4696.54,1.003769,2.63021,0.857861,3750,4687.5,9937.5,0.301112,0.136402,-0.43199,2.119338,0.944366
feederclick,feeder,92.78471,315.9957,5275.781,2683.438,2.551782,11.16449,0.765594,3937.5,4687.5,5812.5,0.271866,0.154954,-0.47459,1.678451,0.919768
feederclick,feeder,65.34677,200.7863,11173.97,4728.632,-0.15782,1.968018,0.861501,8625,9937.5,15937.5,0.098372,0.072814,0.915821,2.593183,0.913669
feederclick,feeder,26.95412,55.9427,5375.562,3456.548,1.793108,5.831905,0.81668,3000,4125,6187.5,0.403,0.208678,-0.16537,1.957649,0.988396
feederclick,feeder,77.7564,228.716,6460.442,4022.857,1.392433,4.095023,0.83996,3750,4687.5,8625,0.230174,0.131589,0.041243,1.835897,0.952511
feederclick,feeder,71.22591,197.6658,8646.213,5491.737,0.412676,1.642645,0.857674,3187.5,7687.5,13875,0.265922,0.119835,-0.32072,2.084763,0.941572
feederclick,feeder,27.58206,81.46019,5245.713,3370.63,1.839931,6.392908,0.79891,3000,3750,6562.5,0.417185,0.216844,-0.266,1.817569,0.98768
feederclick,feeder,45.5255,125.4431,9711.089,5113.553,-0.08571,1.599037,0.884189,3937.5,9562.5,15000,0.213853,0.127751,0.040415,1.845281,0.961673
feederclick,feeder,19.02331,37.01353,4950.337,3680.801,1.995167,6.282681,0.770205,2812.5,3375,5437.5,0.377487,0.214255,-0.02648,1.793759,0.996864
feederclick,feeder,30.57882,82.95897,5744.374,3689.084,1.418359,4.416414,0.837766,3000,4312.5,7687.5,0.266293,0.139765,-0.1138,1.848863,0.982923
feederclick,feeder,51.76663,114.592,8401.493,5670.572,0.38859,1.505005,0.833593,3187.5,7875,14625,0.268619,0.131083,-0.19676,2.05541,0.967336
feederclick,feeder,51.65657,114.4546,8453.607,5755.113,0.374874,1.461652,0.828769,3000,7687.5,15000,0.248069,0.129326,0.001929,2.008155,0.965125
feederclick,feeder,26.17561,46.98142,5814.536,3968.906,1.45844,4.367023,0.838935,3000,4125,7500,0.425471,0.219379,-0.30342,1.825833,0.990806
feederclick,feeder,44.23822,107.4266,4619.067,2977.596,2.224042,8.195516,0.757598,2812.5,3375,4875,0.288873,0.138041,-0.35065,1.827007,0.971141
feederclick,feeder,47.69604,117.5089,9631.825,5175.779,0.004621,1.661515,0.911496,3937.5,11250,14437.5,0.270736,0.125977,-0.31357,2.098924,0.962834
feederclick,feeder,87.12776,398.224,5977.459,3362.216,1.807669,5.555748,0.777669,4125,4875,5812.5,0.45407,0.189584,-0.6942,2.601226,0.920876
feederclick,feeder,25.19907,38.47994,4721.963,3629.535,2.17225,6.805797,0.701582,2812.5,3187.5,4125,0.263314,0.133723,-0.14184,2.064473,0.990854
feederclick,feeder,48.1189,106.6243,6084.302,4342.741,1.360952,3.710105,0.800166,3000,3937.5,8250,0.277336,0.125778,-0.33993,2.041134,0.960007
feederclick,feeder,43.72483,99.9122,6758.366,4894.134,1.004161,2.847811,0.815966,3000,3937.5,9562.5,0.279462,0.129657,-0.34426,2.154207,0.97139
feederclick,feeder,45.29914,99.75702,6395.6,4823.592,1.142214,3.09909,0.79947,3000,3562.5,9375,0.280587,0.132689,-0.24551,2.12833,0.972466
feederclick,feeder,23.48996,61.84778,5497.575,4049.881,1.765527,5.261965,0.807343,3000,3562.5,6375,0.368391,0.192875,-0.20544,1.859803,0.991786
feederclick,feeder,29.71929,61.72923,5231.736,4053.029,1.948227,5.838268,0.754177,3000,3375,5625,0.267,0.138208,-0.20948,1.879052,0.986942
feederclick,feeder,55.51233,134.821,7509.821,4538.276,0.767024,2.504218,0.87541,3375,6375,11437.5,0.254117,0.11582,-0.19848,2.183796,0.972339
feederclick,feeder,84.18407,307.6419,6620.775,4199.516,1.262143,3.647203,0.84975,3562.5,4875,8812.5,0.274406,0.121146,-0.19281,2.276882,0.931834
feederclick,feeder,22.29678,28.53185,4716.703,3425.457,2.171835,7.175064,0.73292,2812.5,3187.5,4875,0.264048,0.13675,-0.20967,1.950422,0.994481
feederclick,feeder,22.71432,57.68905,4936.39,3426.036,2.116164,6.909948,0.770011,3000,3750,5437.5,0.399677,0.218912,-0.19081,1.749251,0.989652
feederclick,feeder,33.35932,75.47456,4340.019,3015.443,2.626555,9.634716,0.678908,3000,3187.5,4125,0.272106,0.149711,-0.05788,1.789732,0.97741
feederclick,feeder,22.33447,41.40079,6334.683,4802.166,1.133643,2.880432,0.837551,2812.5,3750,9000,0.260256,0.141976,-0.07746,1.830679,0.992554
feederclick,feeder,25.86778,44.44967,5919.261,4284.616,1.226027,3.327897,0.845779,2812.5,3750,8437.5,0.252099,0.148144,-0.07532,1.710683,0.989778
feederclick,feeder,26.85954,73.7442,5943.233,4611.268,1.594112,4.298952,0.809106,3000,3937.5,7125,0.214257,0.110286,-0.08449,2.016431,0.982008
humanclick,human_click,13.339,26.93432,23258.26,10259.77,0.214682,1.543082,0.934532,17812.5,35250,43500,0.386401,0.216623,-0.08234,1.782727,0.997541
humanclick,human_click,13.85907,26.97003,21937.64,10087,0.416409,1.699844,0.931059,15750,32250,42750,0.38545,0.214829,-0.0548,1.848237,0.997121
humanclick,human_click,13.84488,26.97829,21780.77,10089.45,0.440603,1.720637,0.928678,15375,31687.5,42750,0.374247,0.211205,0.016387,1.833747,0.996924
humanclick,human_click,11.9739,10.8182,25690.34,10105.22,-0.15036,1.536191,0.944707,24187.5,38250,44625,0.248497,0.144669,0.027703,1.798399,0.999803
humanclick,human_click,18.00089,50.25958,17492.14,8645.891,1.273974,3.386259,0.861101,11437.5,16125,36187.5,0.400453,0.227199,-0.06471,1.707774,0.988316
humanclick,human_click,11.82268,11.16304,25620.59,10310.92,-0.14822,1.5074,0.942495,23625,38062.5,44625,0.363022,0.207718,-0.00715,1.807369,0.999839
humanclick,human_click,11.91751,12.47855,25344.77,10395.6,-0.11432,1.489234,0.942639,23062.5,38062.5,44437.5,0.455405,0.260682,-0.0095,1.799741,0.999794
humanclick,human_click,16.44486,27.00753,20052.37,9315.819,0.836272,2.295859,0.904225,13687.5,21187.5,39562.5,0.24289,0.14804,0.04194,1.782147,0.994437
humanclick,human_click,21.76639,43.56316,19541.61,6637.835,1.164818,4.41525,0.86644,15750,18937.5,23812.5,0.257148,0.141647,-0.03823,1.91797,0.989029
humanclick,human_click,24.14662,43.55734,18944.75,6528.402,1.186558,4.603428,0.869948,15000,18750,23062.5,0.249276,0.147038,-0.00699,1.721004,0.984969
humanclick,human_click,20.10871,39.24029,19034.34,7774.885,1.076589,3.452631,0.901029,13875,18562.5,30562.5,0.24247,0.143684,0.03834,1.780404,0.988295
humanclick,human_click,18.38447,54.04554,19766.77,8291.147,1.012203,2.939047,0.887038,14250,19875,36937.5,0.241836,0.135812,0.109107,2.015966,0.985428
humanclick,human_click,11.88982,11.90415,25514.31,10363.65,-0.13795,1.503801,0.942836,23625,38062.5,44437.5,0.249519,0.143576,0.010891,1.810405,0.999729
humanclick,human_click,12.05576,16.26026,24849.64,10424.98,-0.04211,1.466832,0.940046,21187.5,37500,44250,0.250145,0.142969,0.004882,1.828743,0.999179
humanclick,human_click,25.4186,44.70163,18155.32,7392.314,1.209757,3.754039,0.898381,13125,16687.5,24937.5,0.246937,0.150847,0.082364,1.79987,0.98322
humanclick,human_click,16.7545,24.16481,19165.06,8777.624,0.96386,2.673618,0.911156,13500,18000,36375,0.258694,0.137778,-0.22237,1.967221,0.991338
humanclick,human_click,11.35953,13.10665,24901.43,10046.35,-0.03577,1.510236,0.94541,21187.5,36562.5,44250,0.247872,0.144299,0.025409,1.782591,0.999334
humanclick,human_click,19.22184,73.79026,18196.38,8470.909,1.148281,3.158847,0.830609,14437.5,15750,32062.5,0.336668,0.229922,0.130891,1.726236,0.98153
humanclick,human_click,14.22283,15.95294,22140.77,10037.48,0.415408,1.687142,0.937353,15562.5,32437.5,43125,0.252186,0.144245,-0.0196,1.779648,0.998818
humanclick,human_click,13.27202,14.31442,23216.79,10286.34,0.205182,1.53715,0.943935,18000,36000,44437.5,0.370503,0.218598,0.00705,1.775528,0.999284
humanclick,human_click,12.27994,11.6748,25719.17,10227.81,-0.16461,1.528568,0.943543,24562.5,38437.5,44812.5,0.453949,0.261477,0.001936,1.797723,0.999843
humanclick,human_click,12.91865,13.76423,23402.2,10337.54,0.174565,1.505415,0.941167,18562.5,37125,44625,0.179246,0.101654,-0.03786,1.787982,0.999306
humanclick,human_click,13.48889,17.40318,22511.55,10158.63,0.34089,1.612314,0.939895,16312.5,34687.5,43687.5,0.359701,0.215818,0.098123,1.79719,0.998408
humanclick,human_click,12.54505,14.2913,24718.37,10176.41,-0.00156,1.49795,0.94612,21750,37875,44812.5,0.372229,0.216428,0.023939,1.791037,0.999446
humanclick,human_click,12.62285,17.15955,24325.77,10232.1,0.084873,1.462027,0.934902,20062.5,37500,44437.5,0.255184,0.146402,-0.00155,1.79006,0.998452
humanclick,human_click,12.4683,17.56057,24694.01,10204.61,0.016027,1.478854,0.940143,21562.5,37875,44625,0.375541,0.215851,-0.00804,1.804358,0.99935
humanclick,human_click,24.52736,40.01224,19517.58,8580.281,0.824943,2.537847,0.920539,13125,19312.5,33000,0.363828,0.209132,0.050871,1.858149,0.986596